,Регион,Год,Ожидаемый возраст населения при рождении
0,Республика Казахстан ,1999,65.63
16,г. Алматы,1999,67.98
15,г. Астана,1999,67.6
14,Восточно-Казахстанская,1999,64.93
13,Туркестанская*,1999,67.13
11,Павлодарская,1999,65.14
10,Мангистауская,1999,64.35
9,Кызылординская,1999,65.43
12,Северо-Казахстанская,1999,65.14
7,Карагандинская,1999,63.9
6,Жамбылская,1999,66.52
5,Западно-Казахстанская,1999,65.23
4,Атырауская,1999,63.86
3,Алматинская,1999,66.74
2,Актюбинская,1999,65.25
1,Акмолинская,1999,64.38
8,Костанайская,1999,64.99
26,Кызылординская,2000,65.57
33,г. Алматы,2000,67.75
32,г. Астана,2000,69.16
31,Восточно-Казахстанская,2000,64.51
30,Туркестанская*,2000,67.32
28,Павлодарская,2000,64.75
27,Мангистауская,2000,64.19
25,Костанайская,2000,64.85
29,Северо-Казахстанская,2000,65.0
23,Жамбылская,2000,65.48
22,Западно-Казахстанская,2000,65.28
21,Атырауская,2000,64.36
20,Алматинская,2000,66.8
19,Актюбинская,2000,63.89
18,Акмолинская,2000,64.33
17,Республика Казахстан ,2000,65.5
24,Карагандинская,2000,64.05
50,г. Алматы,2001,68.41
49,г. Астана,2001,69.05
48,Восточно-Казахстанская,2001,65.21
47,Туркестанская*,2001,67.39
46,Северо-Казахстанская,2001,65.14
45,Павлодарская,2001,64.95
44,Мангистауская,2001,63.34
43,Кызылординская,2001,65.78
42,Костанайская,2001,65.71
40,Жамбылская,2001,66.43
39,Западно-Казахстанская,2001,65.05
38,Атырауская,2001,64.93
37,Алматинская,2001,67.42
36,Актюбинская,2001,63.88
35,Акмолинская,2001,63.31
34,Республика Казахстан ,2001,65.8
41,Карагандинская,2001,64.16
61,Мангистауская,2002,63.92
67,г. Алматы,2002,68.73
66,г. Астана,2002,69.43
65,Восточно-Казахстанская,2002,65.37
64,Туркестанская*,2002,67.17
63,Северо-Казахстанская,2002,64.84
62,Павлодарская,2002,65.71
60,Кызылординская,2002,65.61
54,Алматинская,2002,67.44
58,Карагандинская,2002,64.3
57,Жамбылская,2002,66.67
56,Западно-Казахстанская,2002,64.85
55,Атырауская,2002,64.4
59,Костанайская,2002,65.96
53,Актюбинская,2002,63.92
52,Акмолинская,2002,64.6
51,Республика Казахстан ,2002,66.0
83,г. Астана,2003,70.45
82,Восточно-Казахстанская,2003,65.29
81,Туркестанская*,2003,67.07
80,Северо-Казахстанская,2003,64.76
79,Павлодарская,2003,65.68
78,Мангистауская,2003,65.01
77,Кызылординская,2003,66.25
76,Костанайская,2003,65.17
84,г. Алматы,2003,68.17
74,Жамбылская,2003,66.23
73,Западно-Казахстанская,2003,64.97
72,Атырауская,2003,65.32
71,Алматинская,2003,66.89
70,Актюбинская,2003,64.34
69,Акмолинская,2003,63.71
68,Республика Казахстан ,2003,65.83
75,Карагандинская,2003,63.82
101,г. Алматы,2004,67.75
100,г. Астана,2004,70.84
99,Восточно-Казахстанская,2004,65.37
98,Туркестанская*,2004,67.85
97,Северо-Казахстанская,2004,65.03
96,Павлодарская,2004,65.82
95,Мангистауская,2004,65.33
94,Кызылординская,2004,67.01
93,Костанайская,2004,65.41
91,Жамбылская,2004,67.01
90,Западно-Казахстанская,2004,66.54
89,Атырауская,2004,65.94
88,Алматинская,2004,67.02
87,Актюбинская,2004,65.41
86,Акмолинская,2004,63.94
85,Республика Казахстан ,2004,66.18
92,Карагандинская,2004,63.79
111,Кызылординская,2005,66.03
118,г. Алматы,2005,67.4
117,г. Астана,2005,70.7
116,Восточно-Казахстанская,2005,64.78
115,Туркестанская*,2005,67.36
113,Павлодарская,2005,65.6
112,Мангистауская,2005,64.98
110,Костанайская,2005,65.28
114,Северо-Казахстанская,2005,64.92
108,Жамбылская,2005,66.98
107,Западно-Казахстанская,2005,66.46
106,Атырауская,2005,66.65
109,Карагандинская,2005,63.95
105,Алматинская,2005,66.41
104,Актюбинская,2005,65.71
103,Акмолинская,2005,63.49
102,Республика Казахстан ,2005,65.91
134,г. Астана,2006,71.39
133,Восточно-Казахстанская,2006,64.8
132,Туркестанская*,2006,67.61
131,Северо-Казахстанская,2006,64.81
130,Павлодарская,2006,65.07
129,Мангистауская,2006,65.62
128,Кызылординская,2006,66.04
127,Костанайская,2006,65.19
135,г. Алматы,2006,69.66
125,Жамбылская,2006,66.89
124,Западно-Казахстанская,2006,66.59
123,Атырауская,2006,66.17
122,Алматинская,2006,66.46
121,Актюбинская,2006,65.69
120,Акмолинская,2006,63.58
119,Республика Казахстан ,2006,66.15
126,Карагандинская,2006,63.92
152,г. Алматы,2007,70.45
151,г. Астана,2007,72.63
150,Восточно-Казахстанская,2007,65.02
149,Туркестанская*,2007,67.65
148,Северо-Казахстанская,2007,64.73
147,Павлодарская,2007,65.67
146,Мангистауская,2007,66.57
145,Кызылординская,2007,66.86
144,Костанайская,2007,64.93
142,Жамбылская,2007,67.28
141,Западно-Казахстанская,2007,66.24
140,Атырауская,2007,66.56
139,Алматинская,2007,66.37
138,Актюбинская,2007,66.17
137,Акмолинская,2007,63.77
136,Республика Казахстан ,2007,66.34
143,Карагандинская,2007,63.7
162,Кызылординская,2008,67.48
168,г. Астана,2008,73.75
167,Восточно-Казахстанская,2008,65.81
166,Туркестанская*,2008,67.9
165,Северо-Казахстанская,2008,65.41
164,Павлодарская,2008,66.48
163,Мангистауская,2008,66.78
161,Костанайская,2008,65.59
169,г. Алматы,2008,70.35
159,Жамбылская,2008,67.39
153,Республика Казахстан ,2008,67.11
154,Акмолинская,2008,64.96
155,Актюбинская,2008,67.61
160,Карагандинская,2008,64.64
157,Атырауская,2008,67.42
158,Западно-Казахстанская,2008,67.3
156,Алматинская,2008,67.52
186,г. Алматы,2009,71.39
185,г. Астана,2009,72.39
184,Восточно-Казахстанская,2009,66.9
183,Туркестанская*,2009,69.44
182,Северо-Казахстанская,2009,66.73
181,Павлодарская,2009,68.03
179,Кызылординская,2009,67.56
180,Мангистауская,2009,69.59
178,Костанайская,2009,67.49
176,Жамбылская,2009,68.01
175,Западно-Казахстанская,2009,68.18
174,Атырауская,2009,68.2
173,Алматинская,2009,69.17
172,Актюбинская,2009,68.63
171,Акмолинская,2009,66.12
170,Республика Казахстан ,2009,68.39
177,Карагандинская,2009,66.64
197,Мангистауская,2010,69.63
198,Павлодарская,2010,67.88
199,Северо-Казахстанская,2010,66.54
196,Кызылординская,2010,68.32
201,Восточно-Казахстанская,2010,66.9
202,г. Астана,2010,73.19
200,Туркестанская*,2010,69.6
203,г. Алматы,2010,70.92
195,Костанайская,2010,67.62
193,Жамбылская,2010,68.13
192,Западно-Казахстанская,2010,68.54
191,Атырауская,2010,68.33
190,Алматинская,2010,69.11
189,Актюбинская,2010,69.26
188,Акмолинская,2010,66.43
187,Республика Казахстан ,2010,68.45
194,Карагандинская,2010,66.53
220,г. Алматы,2011,71.74
219,г. Астана,2011,73.61
218,Восточно-Казахстанская,2011,67.66
217,Туркестанская*,2011,69.87
216,Северо-Казахстанская,2011,66.76
215,Павлодарская,2011,68.29
214,Мангистауская,2011,70.46
213,Кызылординская,2011,68.97
212,Костанайская,2011,67.52
210,Жамбылская,2011,69.0
209,Западно-Казахстанская,2011,68.95
208,Атырауская,2011,69.2
207,Алматинская,2011,69.76
206,Актюбинская,2011,70.23
205,Акмолинская,2011,66.62
204,Республика Казахстан ,2011,68.69
211,Карагандинская,2011,67.27
231,Мангистауская,2012,71.19
237,г. Алматы,2012,72.52
236,г. Астана,2012,73.64
235,Восточно-Казахстанская,2012,68.41
234,Туркестанская*,2012,70.55
233,Северо-Казахстанская,2012,67.37
232,Павлодарская,2012,68.73
230,Кызылординская,2012,69.29
227,Жамбылская,2012,69.32
228,Карагандинская,2012,67.4
229,Костанайская,2012,68.28
226,Западно-Казахстанская,2012,69.58
225,Атырауская,2012,69.34
224,Алматинская,2012,69.84
223,Актюбинская,2012,70.06
222,Акмолинская,2012,67.27
221,Республика Казахстан ,2012,69.52
254,г. Алматы,2013,73.55
253,г. Астана,2013,74.45
252,Восточно-Казахстанская,2013,69.61
251,Туркестанская*,2013,71.11
250,Северо-Казахстанская,2013,68.07
249,Павлодарская,2013,70.16
248,Мангистауская,2013,71.73
247,Кызылординская,2013,70.47
246,Костанайская,2013,69.69
245,Карагандинская,2013,69.03
244,Жамбылская,2013,69.9
243,Западно-Казахстанская,2013,70.39
242,Атырауская,2013,70.98
241,Алматинская,2013,70.99
240,Актюбинская,2013,71.38
239,Акмолинская,2013,68.54
238,Республика Казахстан ,2013,70.62
271,г. Алматы,2014,74.07
270,г. Астана,2014,74.88
269,Восточно-Казахстанская,2014,70.61
268,Туркестанская*,2014,71.61
267,Северо-Казахстанская,2014,69.62
266,Павлодарская,2014,70.59
265,Мангистауская,2014,72.43
264,Кызылординская,2014,70.78
263,Костанайская,2014,70.3
262,Карагандинская,2014,70.12
261,Жамбылская,2014,70.96
260,Западно-Казахстанская,2014,71.11
259,Атырауская,2014,71.66
258,Алматинская,2014,71.82
257,Актюбинская,2014,71.94
256,Акмолинская,2014,69.68
255,Республика Казахстан ,2014,71.44
288,г. Алматы,2015,75.39
287,г. Астана,2015,74.67
286,Восточно-Казахстанская,2015,70.83
285,Туркестанская*,2015,72.14
284,Северо-Казахстанская,2015,70.39
283,Павлодарская,2015,71.4
282,Мангистауская,2015,72.83
281,Кызылординская,2015,71.8
280,Костанайская,2015,70.73
279,Карагандинская,2015,70.55
278,Жамбылская,2015,71.64
277,Западно-Казахстанская,2015,71.56
276,Атырауская,2015,72.26
275,Алматинская,2015,71.87
274,Актюбинская,2015,72.33
273,Акмолинская,2015,70.38
272,Республика Казахстан ,2015,71.97
305,г. Алматы,2016,75.78
304,г. Астана,2016,74.85
303,Восточно-Казахстанская,2016,71.45
302,Туркестанская*,2016,72.58
301,Северо-Казахстанская,2016,71.01
300,Павлодарская,2016,71.72
299,Мангистауская,2016,73.58
298,Кызылординская,2016,71.91
290,Акмолинская,2016,70.91
296,Карагандинская,2016,70.89
295,Жамбылская,2016,71.93
294,Западно-Казахстанская,2016,71.66
293,Атырауская,2016,71.68
292,Алматинская,2016,72.46
291,Актюбинская,2016,72.82
297,Костанайская,2016,71.36
289,Республика Казахстан ,2016,72.41
323,г. Шымкент,2017,74.34
322,г. Алматы,2017,76.01
321,г. Астана,2017,76.21
320,Восточно-Казахстанская,2017,71.97
319,Туркестанская*,2017,72.45
318,Северо-Казахстанская,2017,70.86
317,Павлодарская,2017,72.1
316,Мангистауская,2017,74.34
315,Кызылординская,2017,72.6
306,Республика Казахстан ,2017,72.95
313,Карагандинская,2017,71.57
312,Жамбылская,2017,72.43
311,Западно-Казахстанская,2017,72.38
310,Атырауская,2017,73.22
309,Алматинская,2017,72.7
308,Актюбинская,2017,73.47
307,Акмолинская,2017,70.8
314,Костанайская,2017,72.2
335,Павлодарская,2018,72.31
336,Северо-Казахстанская,2018,71.14
337,Туркестанская*,2018,72.95
334,Мангистауская,2018,73.73
339,г. Астана,2018,76.21
340,г. Алматы,2018,75.54
341,г. Шымкент,2018,74.65
338,Восточно-Казахстанская,2018,71.97
333,Кызылординская,2018,72.98
324,Республика Казахстан ,2018,73.15
331,Карагандинская,2018,71.7
330,Жамбылская,2018,72.79
329,Западно-Казахстанская,2018,72.43
328,Атырауская,2018,73.13
327,Алматинская,2018,73.44
326,Актюбинская,2018,73.45
325,Акмолинская,2018,71.6
332,Костанайская,2018,72.36
353,Павлодарская,2019,72.33
354,Северо-Казахстанская,2019,70.7
355,Туркестанская*,2019,72.73
359,г. Шымкент,2019,74.41
357,г. Астана,2019,76.75
358,г. Алматы,2019,75.45
352,Мангистауская,2019,74.14
356,Восточно-Казахстанская,2019,72.07
351,Кызылординская,2019,72.79
342,Республика Казахстан ,2019,73.18
349,Карагандинская,2019,71.69
348,Жамбылская,2019,72.63
347,Западно-Казахстанская,2019,72.81
346,Атырауская,2019,73.27
345,Алматинская,2019,73.41
344,Актюбинская,2019,73.58
343,Акмолинская,2019,71.43
350,Костанайская,2019,72.42
377,г. Шымкент,2020,71.0
376,г. Алматы,2020,74.02
375,г. Астана,2020,73.49
374,Восточно-Казахстанская,2020,70.85
373,Туркестанская*,2020,70.67
372,Северо-Казахстанская,2020,69.9
371,Павлодарская,2020,70.75
370,Мангистауская,2020,71.1
369,Кызылординская,2020,70.15
360,Республика Казахстан ,2020,71.37
367,Карагандинская,2020,70.38
366,Жамбылская,2020,70.63
365,Западно-Казахстанская,2020,70.87
364,Атырауская,2020,70.52
363,Алматинская,2020,71.73
362,Актюбинская,2020,71.69
361,Акмолинская,2020,70.09
368,Костанайская,2020,70.72
389,Павлодарская,2021,68.93
390,Северо-Казахстанская,2021,68.57
391,Туркестанская*,2021,70.18
388,Мангистауская,2021,70.57
393,г. Астана,2021,72.87
394,г. Алматы,2021,71.97
395,г. Шымкент,2021,70.49
392,Восточно-Казахстанская,2021,69.33
387,Кызылординская,2021,70.83
378,Республика Казахстан ,2021,70.23
385,Карагандинская,2021,69.14
384,Жамбылская,2021,69.15
383,Западно-Казахстанская,2021,69.69
382,Атырауская,2021,70.01
381,Алматинская,2021,70.53
380,Актюбинская,2021,70.83
379,Акмолинская,2021,68.86
386,Костанайская,2021,69.29
416,г. Шымкент,2022,75.61
409,Павлодарская,2022,72.9
410,Северо-Казахстанская,2022,72.27
411,Туркестанская*,2022,75.04
415,г. Алматы,2022,77.32
413,Восточно-Казахстанская,2022,72.37
414,г. Астана,2022,77.3
408,Мангистауская,2022,75.83
412,Ұлытау,2022,71.44
407,Кызылординская,2022,74.21
403,Жамбылская,2022,74.87
405,Карагандинская,2022,72.3
396,Республика Казахстан ,2022,74.44
397,Абай,2022,73.8
398,Акмолинская,2022,73.48
399,Актюбинская,2022,74.85
406,Костанайская,2022,72.68
401,Атырауская,2022,74.66
402,Западно-Казахстанская,2022,73.76
404,Жетісу,2022,74.38
400,Алматинская,2022,73.87
501,Алматинская,2023,73.76499999999999
781,Павлодарская,2023,72.99268115942027
557,Восточно-Казахстанская,2023,72.73159420289858
585,Жамбылская,2023,73.2218115942029
613,Жетісу,2023,74.38
445,Акмолинская,2023,72.40996376811597
641,Западно-Казахстанская,2023,73.54250000000013
669,Карагандинская,2023,72.57717391304345
697,Костанайская,2023,72.76637681159423
725,Кызылординская,2023,73.59807971014493
753,Мангистауская,2023,75.72931159420284
529,Атырауская,2023,74.29152173913042
809,Республика Казахстан ,2023,73.98956521739126
473,Актюбинская,2023,75.11978260869557
417,Абай,2023,73.8
865,Туркестанская*,2023,73.57007246376816
893,г. Алматы,2023,76.82583333333332
977,Ұлытау,2023,71.44
921,г. Астана,2023,77.05173913043484
837,Северо-Казахстанская,2023,71.65851449275362
949,г. Шымкент,2023,72.46266666666668
474,Актюбинская,2024,75.6080652173913
530,Атырауская,2024,74.72794347826084
978,Ұлытау,2024,71.44
558,Восточно-Казахстанская,2024,73.11005507246375
586,Жамбылская,2024,73.55198985507252
950,г. Шымкент,2024,72.19009523809518
810,Республика Казахстан ,2024,74.38453043478262
922,г. Астана,2024,77.38417826086959
670,Карагандинская,2024,72.9985478260869
894,г. Алматы,2024,77.2308333333333
698,Костанайская,2024,73.13522028985506
726,Кызылординская,2024,73.97019275362322
866,Туркестанская*,2024,73.87111159420294
754,Мангистауская,2024,76.25018985507256
782,Павлодарская,2024,73.3621289855073
838,Северо-Казахстанская,2024,71.99216231884066
614,Жетісу,2024,74.38
642,Западно-Казахстанская,2024,73.92450000000008
502,Алматинская,2024,74.10030000000006
446,Акмолинская,2024,72.82849420289858
418,Абай,2024,73.8
671,Карагандинская,2025,73.41992173913036
811,Республика Казахстан ,2025,74.77949565217386
923,г. Астана,2025,77.71661739130434
839,Северо-Казахстанская,2025,72.32581014492757
615,Жетісу,2025,74.38
951,г. Шымкент,2025,71.9175238095238
699,Костанайская,2025,73.504063768116
475,Актюбинская,2025,76.09634782608691
867,Туркестанская*,2025,74.17215072463773
783,Павлодарская,2025,73.73157681159421
419,Абай,2025,73.8
559,Восточно-Казахстанская,2025,73.48851594202893
587,Жамбылская,2025,73.88216811594202
531,Атырауская,2025,75.16436521739126
503,Алматинская,2025,74.43560000000002
643,Западно-Казахстанская,2025,74.30650000000003
755,Мангистауская,2025,76.77106811594206
979,Ұлытау,2025,71.44
727,Кызылординская,2025,74.34230579710152
447,Акмолинская,2025,73.24702463768119
895,г. Алматы,2025,77.63583333333338
448,Акмолинская,2026,73.6655550724638
532,Атырауская,2026,75.60078695652169
952,г. Шымкент,2026,71.6449523809523
672,Карагандинская,2026,73.84129565217381
504,Алматинская,2026,74.77089999999998
560,Восточно-Казахстанская,2026,73.86697681159421
420,Абай,2026,73.8
588,Жамбылская,2026,74.21234637681164
840,Северо-Казахстанская,2026,72.65945797101449
784,Павлодарская,2026,74.10102463768112
924,г. Астана,2026,78.0490565217392
812,Республика Казахстан ,2026,75.17446086956522
616,Жетісу,2026,74.38
700,Костанайская,2026,73.87290724637683
476,Актюбинская,2026,76.58463043478253
868,Туркестанская*,2026,74.47318985507252
728,Кызылординская,2026,74.7144188405797
980,Ұлытау,2026,71.44
896,г. Алматы,2026,78.04083333333335
644,Западно-Казахстанская,2026,74.68850000000009
756,Мангистауская,2026,77.29194637681155
841,Северо-Казахстанская,2027,72.99310579710152
701,Костанайская,2027,74.24175072463765
925,г. Астана,2027,78.38149565217395
561,Восточно-Казахстанская,2027,74.24543768115939
449,Акмолинская,2027,74.08408550724641
897,г. Алматы,2027,78.44583333333333
869,Туркестанская*,2027,74.7742289855073
421,Абай,2027,73.8
477,Актюбинская,2027,77.07291304347825
645,Западно-Казахстанская,2027,75.07050000000004
757,Мангистауская,2027,77.81282463768105
981,Ұлытау,2027,71.44
785,Павлодарская,2027,74.47047246376815
505,Алматинская,2027,75.10620000000006
617,Жетісу,2027,74.38
729,Кызылординская,2027,75.08653188405799
533,Атырауская,2027,76.03720869565211
589,Жамбылская,2027,74.54252463768114
953,г. Шымкент,2027,71.37238095238092
673,Карагандинская,2027,74.26266956521727
813,Республика Казахстан ,2027,75.56942608695647
786,Павлодарская,2028,74.83992028985506
450,Акмолинская,2028,74.50261594202902
814,Республика Казахстан ,2028,75.96439130434783
590,Жамбылская,2028,74.87270289855076
618,Жетісу,2028,74.38
870,Туркестанская*,2028,75.0752681159421
702,Костанайская,2028,74.6105942028986
758,Мангистауская,2028,78.33370289855077
562,Восточно-Казахстанская,2028,74.62389855072456
534,Атырауская,2028,76.47363043478254
646,Западно-Казахстанская,2028,75.4525000000001
842,Северо-Казахстанская,2028,73.32675362318844
730,Кызылординская,2028,75.45864492753628
478,Актюбинская,2028,77.56119565217386
506,Алматинская,2028,75.44150000000002
954,г. Шымкент,2028,71.09980952380943
982,Ұлытау,2028,71.44
898,г. Алматы,2028,78.8508333333333
422,Абай,2028,73.8
926,г. Астана,2028,78.7139347826087
674,Карагандинская,2028,74.68404347826083
787,Павлодарская,2029,75.20936811594208
423,Абай,2029,73.8
927,г. Астана,2029,79.04637391304357
535,Атырауская,2029,76.91005217391296
479,Актюбинская,2029,78.04947826086948
451,Акмолинская,2029,74.92114637681163
591,Жамбылская,2029,75.20288115942026
955,г. Шымкент,2029,70.82723809523804
507,Алматинская,2029,75.77679999999998
563,Восточно-Казахстанская,2029,75.00235942028985
815,Республика Казахстан ,2029,76.35935652173907
843,Северо-Казахстанская,2029,73.66040144927535
871,Туркестанская*,2029,75.37630724637688
731,Кызылординская,2029,75.83075797101446
675,Карагандинская,2029,75.10541739130429
647,Западно-Казахстанская,2029,75.83450000000005
703,Костанайская,2029,74.97943768115942
983,Ұлытау,2029,71.44
619,Жетісу,2029,74.38
899,г. Алматы,2029,79.25583333333327
759,Мангистауская,2029,78.85458115942026
508,Алматинская,2030,76.11210000000005
648,Западно-Казахстанская,2030,76.21650000000011
928,г. Астана,2030,79.37881304347832
984,Ұлытау,2030,71.44
816,Республика Казахстан ,2030,76.75432173913043
760,Мангистауская,2030,79.37545942028976
732,Кызылординская,2030,76.20287101449276
788,Павлодарская,2030,75.578815942029
676,Карагандинская,2030,75.52679130434774
620,Жетісу,2030,74.38
956,г. Шымкент,2030,70.55466666666666
480,Актюбинская,2030,78.5377608695652
592,Жамбылская,2030,75.53305942028987
844,Северо-Казахстанская,2030,73.99404927536239
424,Абай,2030,73.8
536,Атырауская,2030,77.34647391304338
452,Акмолинская,2030,75.33967681159425
900,г. Алматы,2030,79.66083333333336
872,Туркестанская*,2030,75.67734637681167
704,Костанайская,2030,75.34828115942025
564,Восточно-Казахстанская,2030,75.38082028985502
817,Республика Казахстан ,2031,77.14928695652168
565,Восточно-Казахстанская,2031,75.75928115942031
509,Алматинская,2031,76.44740000000002
873,Туркестанская*,2031,75.97838550724646
621,Жетісу,2031,74.38
901,г. Алматы,2031,80.06583333333333
789,Павлодарская,2031,75.94826376811591
649,Западно-Казахстанская,2031,76.59850000000006
733,Кызылординская,2031,76.57498405797105
957,г. Шымкент,2031,70.28209523809517
761,Мангистауская,2031,79.89633768115948
481,Актюбинская,2031,79.02604347826082
593,Жамбылская,2031,75.86323768115949
985,Ұлытау,2031,71.44
845,Северо-Казахстанская,2031,74.3276971014493
929,г. Астана,2031,79.71125217391307
453,Акмолинская,2031,75.75820724637686
537,Атырауская,2031,77.7828956521738
705,Костанайская,2031,75.7171246376812
425,Абай,2031,73.8
677,Карагандинская,2031,75.94816521739119
902,г. Алматы,2032,80.4708333333333
454,Акмолинская,2032,76.17673768115947
762,Мангистауская,2032,80.41721594202897
986,Ұлытау,2032,71.44
874,Туркестанская*,2032,76.27942463768125
734,Кызылординская,2032,76.94709710144934
538,Атырауская,2032,78.21931739130423
678,Карагандинская,2032,76.36953913043465
622,Жетісу,2032,74.38
482,Актюбинская,2032,79.51432608695654
426,Абай,2032,73.8
846,Северо-Казахстанская,2032,74.66134492753622
706,Костанайская,2032,76.08596811594202
930,г. Астана,2032,80.04369130434782
566,Восточно-Казахстанская,2032,76.13774202898549
818,Республика Казахстан ,2032,77.54425217391304
958,г. Шымкент,2032,70.00952380952378
594,Жамбылская,2032,76.19341594202899
650,Западно-Казахстанская,2032,76.98050000000012
510,Алматинская,2032,76.78269999999998
790,Павлодарская,2032,76.31771159420293
511,Алматинская,2033,77.11800000000005
847,Северо-Казахстанская,2033,74.99499275362325
707,Костанайская,2033,76.45481159420297
987,Ұлытау,2033,71.44
791,Павлодарская,2033,76.68715942028985
735,Кызылординская,2033,77.31921014492752
651,Западно-Казахстанская,2033,77.36250000000007
931,г. Астана,2033,80.37613043478268
623,Жетісу,2033,74.38
959,г. Шымкент,2033,69.73695238095229
679,Карагандинская,2033,76.79091304347821
567,Восточно-Казахстанская,2033,76.51620289855066
903,г. Алматы,2033,80.87583333333328
595,Жамбылская,2033,76.52359420289861
763,Мангистауская,2033,80.93809420289847
819,Республика Казахстан ,2033,77.93921739130428
483,Актюбинская,2033,80.00260869565216
875,Туркестанская*,2033,76.58046376811603
455,Акмолинская,2033,76.59526811594208
539,Атырауская,2033,78.65573913043477
427,Абай,2033,73.8
652,Западно-Казахстанская,2034,77.74450000000013
456,Акмолинская,2034,77.01379855072469
708,Костанайская,2034,76.8236550724638
568,Восточно-Казахстанская,2034,76.89466376811595
876,Туркестанская*,2034,76.88150289855082
988,Ұлытау,2034,71.44
960,г. Шымкент,2034,69.4643809523809
484,Актюбинская,2034,80.49089130434777
932,г. Астана,2034,80.70856956521743
512,Алматинская,2034,77.45330000000001
904,г. Алматы,2034,81.28083333333336
540,Атырауская,2034,79.09216086956519
736,Кызылординская,2034,77.69132318840582
848,Северо-Казахстанская,2034,75.32864057971017
428,Абай,2034,73.8
680,Карагандинская,2034,77.21228695652167
792,Павлодарская,2034,77.05660724637676
764,Мангистауская,2034,81.45897246376819
820,Республика Казахстан ,2034,78.33418260869564
596,Жамбылская,2034,76.85377246376811
624,Жетісу,2034,74.38
989,Ұлытау,2035,71.44
961,г. Шымкент,2035,69.19180952380941
765,Мангистауская,2035,81.97985072463769
933,г. Астана,2035,81.04100869565218
821,Республика Казахстан ,2035,78.72914782608689
793,Павлодарская,2035,77.42605507246378
905,г. Алматы,2035,81.68583333333333
877,Туркестанская*,2035,77.18254202898561
709,Костанайская,2035,77.19249855072462
849,Северо-Казахстанская,2035,75.6622884057972
429,Абай,2035,73.8
737,Кызылординская,2035,78.06343623188411
457,Акмолинская,2035,77.4323289855073
569,Восточно-Казахстанская,2035,77.27312463768112
625,Жетісу,2035,74.38
485,Актюбинская,2035,80.9791739130435
541,Атырауская,2035,79.52858260869561
597,Жамбылская,2035,77.18395072463773
681,Карагандинская,2035,77.63366086956512
653,Западно-Казахстанская,2035,78.12650000000008
513,Алматинская,2035,77.78860000000009
850,Северо-Казахстанская,2036,75.99593623188412
654,Западно-Казахстанская,2036,78.50850000000014
570,Восточно-Казахстанская,2036,77.6515855072463
794,Павлодарская,2036,77.7955028985507
430,Абай,2036,73.8
486,Актюбинская,2036,81.46745652173911
906,г. Алматы,2036,82.09083333333331
542,Атырауская,2036,79.96500434782604
738,Кызылординская,2036,78.43554927536229
934,г. Астана,2036,81.37344782608704
962,г. Шымкент,2036,68.91923809523803
626,Жетісу,2036,74.38
514,Алматинская,2036,78.12390000000005
682,Карагандинская,2036,78.05503478260857
710,Костанайская,2036,77.56134202898556
766,Мангистауская,2036,82.50072898550718
878,Туркестанская*,2036,77.48358115942028
458,Акмолинская,2036,77.85085942028991
990,Ұлытау,2036,71.44
822,Республика Казахстан ,2036,79.12411304347825
598,Жамбылская,2036,77.51412898550723
683,Карагандинская,2037,78.47640869565214
879,Туркестанская*,2037,77.78462028985507
935,г. Астана,2037,81.7058869565218
655,Западно-Казахстанская,2037,78.89050000000009
823,Республика Казахстан ,2037,79.51907826086949
515,Алматинская,2037,78.45920000000001
795,Павлодарская,2037,78.16495072463772
851,Северо-Казахстанская,2037,76.32958405797103
543,Атырауская,2037,80.40142608695646
571,Восточно-Казахстанская,2037,78.03004637681158
711,Костанайская,2037,77.93018550724639
767,Мангистауская,2037,83.0216072463769
963,г. Шымкент,2037,68.64666666666665
599,Жамбылская,2037,77.84430724637684
627,Жетісу,2037,74.38
459,Акмолинская,2037,78.26938985507252
739,Кызылординская,2037,78.80766231884058
431,Абай,2037,73.8
991,Ұлытау,2037,71.44
487,Актюбинская,2037,81.95573913043472
907,г. Алматы,2037,82.49583333333328
516,Алматинская,2038,78.79450000000008
432,Абай,2038,73.8
544,Атырауская,2038,80.83784782608689
768,Мангистауская,2038,83.5424855072464
740,Кызылординская,2038,79.17977536231888
628,Жетісу,2038,74.38
796,Павлодарская,2038,78.53439855072463
908,г. Алматы,2038,82.90083333333337
656,Западно-Казахстанская,2038,79.27250000000004
880,Туркестанская*,2038,78.08565942028986
964,г. Шымкент,2038,68.37409523809515
488,Актюбинская,2038,82.44402173913045
600,Жамбылская,2038,78.17448550724635
936,г. Астана,2038,82.03832608695654
460,Акмолинская,2038,78.68792028985513
852,Северо-Казахстанская,2038,76.66323188405806
572,Восточно-Казахстанская,2038,78.40850724637676
824,Республика Казахстан ,2038,79.91404347826085
684,Карагандинская,2038,78.8977826086956
992,Ұлытау,2038,71.44
712,Костанайская,2038,78.29902898550722
993,Ұлытау,2039,71.44
769,Мангистауская,2039,84.06336376811589
461,Акмолинская,2039,79.10645072463774
433,Абай,2039,73.8
601,Жамбылская,2039,78.50466376811596
629,Жетісу,2039,74.38
965,г. Шымкент,2039,68.10152380952377
685,Карагандинская,2039,79.31915652173905
741,Кызылординская,2039,79.55188840579717
937,г. Астана,2039,82.3707652173913
797,Павлодарская,2039,78.90384637681154
881,Туркестанская*,2039,78.38669855072465
657,Западно-Казахстанская,2039,79.6545000000001
853,Северо-Казахстанская,2039,76.99687971014498
517,Алматинская,2039,79.12980000000005
713,Костанайская,2039,78.66787246376816
545,Атырауская,2039,81.27426956521731
573,Восточно-Казахстанская,2039,78.78696811594205
825,Республика Казахстан ,2039,80.3090086956521
909,г. Алматы,2039,83.30583333333334
489,Актюбинская,2039,82.93230434782606
546,Атырауская,2040,81.71069130434773
602,Жамбылская,2040,78.83484202898558
798,Павлодарская,2040,79.27329420289857
854,Северо-Казахстанская,2040,77.3305275362319
574,Восточно-Казахстанская,2040,79.16542898550722
434,Абай,2040,73.8
826,Республика Казахстан ,2040,80.70397391304346
658,Западно-Казахстанская,2040,80.03650000000005
490,Актюбинская,2040,83.42058695652167
742,Кызылординская,2040,79.92400144927535
518,Алматинская,2040,79.4651
714,Костанайская,2040,79.03671594202899
966,г. Шымкент,2040,67.82895238095227
938,г. Астана,2040,82.70320434782616
910,г. Алматы,2040,83.71083333333331
882,Туркестанская*,2040,78.68773768115943
462,Акмолинская,2040,79.52498115942035
994,Ұлытау,2040,71.44
630,Жетісу,2040,74.38
770,Мангистауская,2040,84.58424202898561
686,Карагандинская,2040,79.7405304347825
967,г. Шымкент,2041,67.55638095238089
575,Восточно-Казахстанская,2041,79.5438898550724
995,Ұлытау,2041,71.44
827,Республика Казахстан ,2041,81.0989391304347
715,Костанайская,2041,79.40555942028982
687,Карагандинская,2041,80.16190434782595
491,Актюбинская,2041,83.9088695652174
463,Акмолинская,2041,79.94351159420296
603,Жамбылская,2041,79.16502028985508
883,Туркестанская*,2041,78.98877681159422
939,г. Астана,2041,83.03564347826091
659,Западно-Казахстанская,2041,80.41850000000011
799,Павлодарская,2041,79.64274202898548
743,Кызылординская,2041,80.29611449275365
519,Алматинская,2041,79.80040000000008
911,г. Алматы,2041,84.11583333333328
855,Северо-Казахстанская,2041,77.66417536231893
771,Мангистауская,2041,85.10512028985511
631,Жетісу,2041,74.38
547,Атырауская,2041,82.14711304347816
435,Абай,2041,73.8
884,Туркестанская*,2042,79.28981594202901
996,Ұлытау,2042,71.44
828,Республика Казахстан ,2042,81.49390434782606
492,Актюбинская,2042,84.39715217391301
548,Атырауская,2042,82.58353478260858
940,г. Астана,2042,83.36808260869566
968,г. Шымкент,2042,67.28380952380951
856,Северо-Казахстанская,2042,77.99782318840585
912,г. Алматы,2042,84.52083333333337
520,Алматинская,2042,80.13570000000004
464,Акмолинская,2042,80.36204202898557
576,Восточно-Казахстанская,2042,79.92235072463768
772,Мангистауская,2042,85.6259985507246
800,Павлодарская,2042,80.0121898550725
436,Абай,2042,73.8
604,Жамбылская,2042,79.4951985507247
660,Западно-Казахстанская,2042,80.80050000000006
716,Костанайская,2042,79.77440289855076
744,Кызылординская,2042,80.66822753623194
632,Жетісу,2042,74.38
688,Карагандинская,2042,80.58327826086952
913,г. Алматы,2043,84.92583333333334
745,Кызылординская,2043,81.04034057971012
801,Павлодарская,2043,80.38163768115942
885,Туркестанская*,2043,79.5908550724638
997,Ұлытау,2043,71.44
689,Карагандинская,2043,81.00465217391297
857,Северо-Казахстанская,2043,78.33147101449276
773,Мангистауская,2043,86.1468768115941
941,г. Астана,2043,83.70052173913052
437,Абай,2043,73.8
549,Атырауская,2043,83.01995652173912
717,Костанайская,2043,80.14324637681159
493,Актюбинская,2043,84.88543478260863
465,Акмолинская,2043,80.78057246376818
829,Республика Казахстан ,2043,81.8888695652173
633,Жетісу,2043,74.38
969,г. Шымкент,2043,67.01123809523801
605,Жамбылская,2043,79.8253768115942
577,Восточно-Казахстанская,2043,80.30081159420286
661,Западно-Казахстанская,2043,81.18250000000012
521,Алматинская,2043,80.471
522,Алматинская,2044,80.80630000000008
886,Туркестанская*,2044,79.89189420289858
550,Атырауская,2044,83.45637826086954
662,Западно-Казахстанская,2044,81.56450000000007
942,г. Астана,2044,84.03296086956527
998,Ұлытау,2044,71.44
634,Жетісу,2044,74.38
830,Республика Казахстан ,2044,82.28383478260866
466,Акмолинская,2044,81.19910289855079
494,Актюбинская,2044,85.37371739130435
774,Мангистауская,2044,86.66775507246382
746,Кызылординская,2044,81.41245362318841
718,Костанайская,2044,80.51208985507253
914,г. Алматы,2044,85.33083333333332
970,г. Шымкент,2044,66.73866666666663
578,Восточно-Казахстанская,2044,80.67927246376803
858,Северо-Казахстанская,2044,78.6651188405798
606,Жамбылская,2044,80.15555507246381
690,Карагандинская,2044,81.42602608695643
802,Павлодарская,2044,80.75108550724633
438,Абай,2044,73.8
887,Туркестанская*,2045,80.19293333333337
747,Кызылординская,2045,81.7845666666667
915,г. Алматы,2045,85.73583333333329
523,Алматинская,2045,81.14160000000004
635,Жетісу,2045,74.38
803,Павлодарская,2045,81.12053333333336
831,Республика Казахстан ,2045,82.67879999999991
467,Акмолинская,2045,81.6176333333334
971,г. Шымкент,2045,66.46609523809514
579,Восточно-Казахстанская,2045,81.05773333333332
663,Западно-Казахстанская,2045,81.94650000000013
775,Мангистауская,2045,87.18863333333331
607,Жамбылская,2045,80.48573333333331
439,Абай,2045,73.8
691,Карагандинская,2045,81.84739999999988
719,Костанайская,2045,80.88093333333336
999,Ұлытау,2045,71.44
495,Актюбинская,2045,85.86199999999997
551,Атырауская,2045,83.89279999999997
943,г. Астана,2045,84.36540000000002
859,Северо-Казахстанская,2045,78.99876666666671
720,Костанайская,2046,81.24977681159419
664,Западно-Казахстанская,2046,82.32850000000008
748,Кызылординская,2046,82.156679710145
692,Карагандинская,2046,82.26877391304345
944,г. Астана,2046,84.69783913043477
972,г. Шымкент,2046,66.19352380952375
468,Акмолинская,2046,82.03616376811601
496,Актюбинская,2046,86.35028260869558
916,г. Алматы,2046,86.14083333333338
1000,Ұлытау,2046,71.44
636,Жетісу,2046,74.38
832,Республика Казахстан ,2046,83.07376521739127
580,Восточно-Казахстанская,2046,81.43619420289849
440,Абай,2046,73.8
524,Алматинская,2046,81.4769
888,Туркестанская*,2046,80.49397246376816
552,Атырауская,2046,84.32922173913039
776,Мангистауская,2046,87.70951159420281
860,Северо-Казахстанская,2046,79.33241449275363
608,Жамбылская,2046,80.81591159420293
804,Павлодарская,2046,81.48998115942027
665,Западно-Казахстанская,2047,82.71050000000014
805,Павлодарская,2047,81.8594289855073
777,Мангистауская,2047,88.23038985507253
441,Абай,2047,73.8
945,г. Астана,2047,85.03027826086964
637,Жетісу,2047,74.38
609,Жамбылская,2047,81.14608985507243
721,Костанайская,2047,81.61862028985513
861,Северо-Казахстанская,2047,79.66606231884066
497,Актюбинская,2047,86.8385652173913
693,Карагандинская,2047,82.6901478260869
1001,Ұлытау,2047,71.44
553,Атырауская,2047,84.76564347826081
581,Восточно-Казахстанская,2047,81.81465507246378
833,Республика Казахстан ,2047,83.46873043478251
889,Туркестанская*,2047,80.79501159420295
525,Алматинская,2047,81.81220000000008
973,г. Шымкент,2047,65.92095238095226
749,Кызылординская,2047,82.52879275362318
917,г. Алматы,2047,86.54583333333335
469,Акмолинская,2047,82.45469420289862
834,Республика Казахстан ,2048,83.86369565217387
1002,Ұлытау,2048,71.44
862,Северо-Казахстанская,2048,79.99971014492758
666,Западно-Казахстанская,2048,83.09250000000009
974,г. Шымкент,2048,65.64838095238088
582,Восточно-Казахстанская,2048,82.19311594202895
806,Павлодарская,2048,82.2288768115942
470,Акмолинская,2048,82.87322463768123
722,Костанайская,2048,81.98746376811596
638,Жетісу,2048,74.38
554,Атырауская,2048,85.20206521739124
750,Кызылординская,2048,82.90090579710147
918,г. Алматы,2048,86.95083333333332
526,Алматинская,2048,82.14750000000004
890,Туркестанская*,2048,81.09605072463773
498,Актюбинская,2048,87.32684782608692
694,Карагандинская,2048,83.11152173913035
442,Абай,2048,73.8
778,Мангистауская,2048,88.75126811594203
946,г. Астана,2048,85.36271739130439
610,Жамбылская,2048,81.47626811594205
695,Карагандинская,2049,83.5328956521738
751,Кызылординская,2049,83.27301884057977
583,Восточно-Казахстанская,2049,82.57157681159413
835,Республика Казахстан ,2049,84.25866086956523
947,г. Астана,2049,85.69515652173914
919,г. Алматы,2049,87.3558333333333
975,г. Шымкент,2049,65.3758095238095
527,Алматинская,2049,82.4828
471,Акмолинская,2049,83.29175507246384
891,Туркестанская*,2049,81.39708985507252
639,Жетісу,2049,74.38
1003,Ұлытау,2049,71.44
499,Актюбинская,2049,87.81513043478253
555,Атырауская,2049,85.63848695652166
611,Жамбылская,2049,81.80644637681166
779,Мангистауская,2049,89.27214637681152
807,Павлодарская,2049,82.59832463768112
443,Абай,2049,73.8
723,Костанайская,2049,82.35630724637679
863,Северо-Казахстанская,2049,80.3333579710145
667,Западно-Казахстанская,2049,83.47450000000003
696,Карагандинская,2050,83.95426956521726
584,Восточно-Казахстанская,2050,82.95003768115942
976,г. Шымкент,2050,65.103238095238
836,Республика Казахстан ,2050,84.65362608695648
808,Павлодарская,2050,82.96777246376814
864,Северо-Казахстанская,2050,80.66700579710152
556,Атырауская,2050,86.07490869565208
612,Жамбылская,2050,82.13662463768117
444,Абай,2050,73.8
780,Мангистауская,2050,89.79302463768124
668,Западно-Казахстанская,2050,83.8565000000001
892,Туркестанская*,2050,81.69812898550731
752,Кызылординская,2050,83.64513188405795
920,г. Алматы,2050,87.76083333333327
500,Актюбинская,2050,88.30341304347826
640,Жетісу,2050,74.38
724,Костанайская,2050,82.72515072463773
948,г. Астана,2050,86.027595652174
472,Акмолинская,2050,83.71028550724645
528,Алматинская,2050,82.81810000000007
1004,Ұлытау,2050,71.44
